id,text,page,level
file01,Application form for grant of LTC advance,0,H1
file02,Foundation Level Extensions,0,H1
file02,Overview,0,H1
file02,International Software Testing Qualifications Board,0,H1
file02,Revision History,2,H2
file02,Table of Contents,3,H2
file02,Acknowledgements,4,H2
file02,Introduction to the Foundation Level Extensions,5,H2
file02,Introduction to Foundation Level Agile Tester Extension,6,H2
file02,2.1 Intended Audience,6,H3
file02,2.2 Career Paths for Testers,6,H3
file02,2.3 Learning Objectives,6,H3
file02,2.4 Entry Requirements,7,H3
file02,2.5 Structure and Course Duration,7,H3
file02,2.6 Keeping It Current,8,H3
file02,Overview of the Foundation Level Extension â€“ Syllabus Agile Tester,9,H2
file02,3.1 Business Outcomes,9,H3
file02,3.2 Content,9,H3
file02,References,11,H2
file02,4.1 Trademarks,11,H3
file02,4.2 Documents and Web Sites,11,H3
file03,RFP: R,0,H1
file03,Ontarioâ€™s Libraries Working Together,0,H2
file03,To Present a Proposal for Developing the Business Plan for the Ontario,0,H1
file03,"Digital Library March 21, 2003",0,H1
file03,Ontarioâ€™s Digital Library,1,H2
file03,Prosperity Strategy,1,H2
file03,3:00 p.m. on Friday April 18th,2,H3
file03,Local points of entry:,4,H3
file03,For each Ontario library it could mean:,5,H3
file03,1. Preamble,10,H3
file03,2. Terms of Reference,10,H3
file03,3. Membership,10,H3
file03,3.5 Ontario Library Association representative (ex-officio)  (,11,H3
file03,4. Appointment Criteria and Process,11,H3
file03,5. Term,11,H3
file03,6. Chair,11,H3
file03,7. Meetings,11,H3
file03,8. Lines of Accountability and Communication,11,H3
file03,9. Financial and Administrative Policies,12,H3
file04,Parsippany -Troy Hills STEM Pathways,0,H1
file04,REGULAR PATHWAY DISTINCTION PATHWAY,0,H2
file05,----------------,0,H1
file05,HOPE SEE HERE,0,H2
